   0.2190000000000000E+02,   0.0000000000000000E+00,   0.1151210289800000E-05,  -0.3411258603739197E+03
   0.2148420448300000E+02,   0.0000000000000000E+00,   0.3298630314900000E-01,  -0.4786770328049681E+03
   0.2148428994200000E+02,   0.0000000000000000E+00,   0.2858167872300000E-01,  -0.4319886890726444E+03
   0.2088597452800000E+02,   0.0000000000000000E+00,   0.6435888523900000E-01,  -0.4580183649337864E+03
   0.2088604300800000E+02,   0.0000000000000000E+00,   0.4792546021100000E-01,  -0.4040070467061527E+03
   0.2004418069400000E+02,   0.0000000000000000E+00,   0.9794100846900000E-01,  -0.5120013268856019E+03
   0.2004419950100000E+02,   0.0000000000000000E+00,   0.5869450594500000E-01,  -0.4712473346379746E+03
   0.1889415523800000E+02,   0.0000000000000000E+00,   0.1333879131500000E+00,  -0.5120013268856018E+03
   0.1889420060400000E+02,   0.0000000000000000E+00,   0.5691813959500001E-01,  -0.5120013268856018E+03
   0.1738435200000000E+02,   0.0000000000000000E+00,   0.1682848621500000E+00,  -0.5120013268856019E+03
   0.1738469102000000E+02,   0.0000000000000000E+00,   0.3791825232800000E-01,  -0.5120013268856019E+03
   0.1550203848600000E+02,   0.0000000000000000E+00,   0.1984749018000000E+00,  -0.5120013268856018E+03
   0.1550321017700000E+02,   0.0000000000000000E+00,   0.6498923753800000E-03,  -0.5120013268856018E+03
   0.1330076730900000E+02,   0.0000000000000000E+00,   0.2189620113000000E+00,  -0.5120013268856018E+03
   0.1330351317500000E+02,   0.0000000000000000E+00,  -0.4950514310500000E-01,  -0.3719559309502999E+03
   0.1091156262600000E+02,   0.0000000000000000E+00,   0.2255248953100000E+00,  -0.5120013268856018E+03
   0.1091656174200000E+02,   0.0000000000000000E+00,  -0.1006871017100000E+00,  -0.2744200903099297E+03
   0.8527701235700000E+01,   0.0000000000000000E+00,  -0.1353361533800000E+00,  -0.3911176924244390E+03
   0.8520204978400001E+01,   0.0000000000000000E+00,   0.2164800567800000E+00,  -0.5120013268856018E+03
   0.6324221399900000E+01,   0.0000000000000000E+00,  -0.1446222998800000E+00,  -0.5120013268856018E+03
   0.6314644232400000E+01,   0.0000000000000000E+00,   0.1938324930800000E+00,  -0.5120013268856018E+03
   0.4439768380700000E+01,   0.0000000000000000E+00,  -0.1414038628400000E+00,  -0.5120013268856018E+03
   0.4428886075100000E+01,   0.0000000000000000E+00,   0.1619099253400000E+00,  -0.5120013268856018E+03
   0.2929484268500000E+01,   0.0000000000000000E+00,  -0.1308179337800000E+00,  -0.5120013268856018E+03
   0.2918194659200000E+01,   0.0000000000000000E+00,   0.1257651019700000E+00,  -0.5120013268856019E+03
   0.1781202059600000E+01,   0.0000000000000000E+00,  -0.1159248281800000E+00,  -0.5120013268856018E+03
   0.1770361522400000E+01,   0.0000000000000000E+00,   0.8957445218300000E-01,  -0.5071857510215416E+03
   0.9435434013000000E+00,   0.0000000000000000E+00,  -0.9716622516600000E-01,  -0.4930074541364599E+03
   0.9339741808600001E+00,   0.0000000000000000E+00,   0.5583690469699999E-01,  -0.4714923946079883E+03
   0.3529723032700000E+00,   0.0000000000000000E+00,  -0.7247809444800001E-01,  -0.4571542599477409E+03
   0.3456756160300000E+00,   0.0000000000000000E+00,   0.2534348536400000E-01,  -0.4308069167778872E+03
   0.0000000000000000E+00,   0.0000000000000000E+00,   0.0000000000000000E+00,  -0.2124068392931570E+03
   0.3383789287900000E+00,   0.0000000000000000E+00,   0.1231650651800000E+00,  -0.3885872090199942E+03
   0.9244049604300001E+00,   0.0000000000000000E+00,   0.2088400345600000E+00,  -0.4494473115676960E+03
   0.1759520985200000E+01,   0.0000000000000000E+00,   0.2950737325400000E+00,  -0.4998639215148901E+03
   0.2906905050000000E+01,   0.0000000000000000E+00,   0.3823481377300000E+00,  -0.5113023551634760E+03
   0.4418003769500000E+01,   0.0000000000000000E+00,   0.4652237135200000E+00,  -0.5120013268856018E+03
   0.6305067065000000E+01,   0.0000000000000000E+00,   0.5322872860400000E+00,  -0.5120013268856019E+03
   0.8512708721099999E+01,   0.0000000000000000E+00,   0.5682962669400000E+00,  -0.3987213390974373E+03
   0.1090656350900000E+02,   0.0000000000000000E+00,   0.5517368923300000E+00,  -0.2889334004113106E+03
   0.1329802144200000E+02,   0.0000000000000000E+00,   0.4874291657100000E+00,  -0.3140495065451693E+03
   0.1550086679600000E+02,   0.0000000000000000E+00,   0.3962999112300000E+00,  -0.3913961035889554E+03
   0.1738401298000000E+02,   0.0000000000000000E+00,   0.2986514719700000E+00,  -0.5120013268856018E+03
   0.1889410987200000E+02,   0.0000000000000000E+00,   0.2098576867100000E+00,  -0.5120013268856018E+03
   0.2004416188700000E+02,   0.0000000000000000E+00,   0.1371875109900000E+00,  -0.5120013268856018E+03
   0.2088590604800000E+02,   0.0000000000000000E+00,   0.8079231026600001E-01,  -0.3961434786525642E+03
   0.2148411902300000E+02,   0.0000000000000000E+00,   0.3739092757500000E-01,  -0.2130594511039306E+03
   0.2148437540100000E+02,   0.0000000000000000E+00,   0.2417705429700000E-01,  -0.4114469634893886E+03
   0.2088611148800000E+02,   0.0000000000000000E+00,   0.3149203518300000E-01,  -0.3454680227221310E+03
   0.2004421830700000E+02,   0.0000000000000000E+00,   0.1944800342100000E-01,  -0.2232503237984780E+03
   0.1889424597100000E+02,   0.0000000000000000E+00,  -0.1955163396200000E-01,  -0.1191893634894438E+03
   0.1738503003900000E+02,   0.0000000000000000E+00,  -0.9244835749400000E-01,  -0.5014955754021765E+02
   0.1550438186700000E+02,   0.0000000000000000E+00,  -0.1971751170500000E+00,  -0.4560266760796553E+01
   0.1330625904200000E+02,   0.0000000000000000E+00,  -0.3179722975100000E+00,   0.4662092203462300E+02
   0.1092156085900000E+02,   0.0000000000000000E+00,  -0.4268990987299999E+00,   0.1020988393763207E+03
   0.8535197493100000E+01,   0.0000000000000000E+00,  -0.4871523635400000E+00,   0.1215071868071193E+03
   0.6333798567300000E+01,   0.0000000000000000E+00,  -0.4830770928400000E+00,   0.1225371642157433E+03
   0.4450650686200000E+01,   0.0000000000000000E+00,  -0.4447176510100000E+00,   0.1109879121640442E+03
   0.2940773877700000E+01,   0.0000000000000000E+00,  -0.3874009695300000E+00,   0.6688513799890505E+02
   0.1792042596700000E+01,   0.0000000000000000E+00,  -0.3214241085300000E+00,   0.2546126572019216E+02
   0.9531126217400000E+00,   0.0000000000000000E+00,  -0.2501693550300000E+00,  -0.1582087189486660E+02
   0.3602689905200000E+00,   0.0000000000000000E+00,  -0.1702996742600000E+00,  -0.1033971520535501E+03
   0.3310822415500000E+00,   0.0000000000000000E+00,   0.2209866449900000E+00,  -0.3344332982770695E+03
   0.9148357399900001E+00,   0.0000000000000000E+00,   0.3618431644200000E+00,  -0.4577109079889387E+03
   0.1748680448000000E+01,   0.0000000000000000E+00,   0.5005730129000000E+00,  -0.4784960408491108E+03
   0.2895615440700000E+01,   0.0000000000000000E+00,   0.6389311734799999E+00,  -0.3874279761105175E+03
   0.4407121463900000E+01,   0.0000000000000000E+00,   0.7685375017000000E+00,  -0.2613841816554892E+03
   0.6295489897600000E+01,   0.0000000000000000E+00,   0.8707420789999999E+00,  -0.1541614712736418E+03
   0.8505212463700000E+01,   0.0000000000000000E+00,   0.9201124771100000E+00,  -0.5606743431889102E+02
   0.1090156439200000E+02,   0.0000000000000000E+00,   0.8779488893500000E+00,   0.4026137315934565E+02
   0.1329527557500000E+02,   0.0000000000000000E+00,   0.7558963201100000E+00,   0.8575305684590241E+02
   0.1549969510600000E+02,   0.0000000000000000E+00,   0.5941249206500000E+00,   0.1146304933514350E+03
   0.1738367396000000E+02,   0.0000000000000000E+00,   0.4290180817899999E+00,   0.1277992488917482E+03
   0.1889406450500000E+02,   0.0000000000000000E+00,   0.2863274602700000E+00,   0.1424129080319389E+03
   0.2004414308100000E+02,   0.0000000000000000E+00,   0.1764340135200000E+00,   0.1363370831454709E+03
   0.2088583756800000E+02,   0.0000000000000000E+00,   0.9722573529400000E-01,   0.5880424716185325E+02
   0.2148403356400000E+02,   0.0000000000000000E+00,   0.4179555200200000E-01,  -0.1267379669527004E+03
   0.2481304353100000E+02,   0.8475000000000000E+01,   0.9209682318100000E-06,  -0.3609845971634963E+03
   0.2443472325800000E+02,   0.8475000000000000E+01,   0.1403657361900000E-01,  -0.4225479925647212E+03
   0.2389024724400000E+02,   0.8475000000000000E+01,   0.1244390733700000E-01,  -0.3691896558396762E+03
   0.2312400615500000E+02,   0.8475000000000000E+01,  -0.7320285733100000E-02,  -0.2253213728489189E+03
   0.2207724355400000E+02,   0.8475000000000000E+01,  -0.5173032269600000E-01,  -0.1164945994265388E+03
   0.2070327353300000E+02,   0.8475000000000000E+01,  -0.1263168392000000E+00,  -0.4394951576719999E+02
   0.1899091458200000E+02,   0.8475000000000000E+01,  -0.2286268321600000E+00,   0.7852695374735960E+01
   0.1698927341300000E+02,   0.8475000000000000E+01,  -0.3441985288400000E+00,   0.5180095707529705E+02
   0.1481757200000000E+02,   0.8475000000000000E+01,  -0.4478135381900000E+00,   0.9220539648308427E+02
   0.1264424860900000E+02,   0.8475000000000000E+01,  -0.5068185726900000E+00,   0.1251958762816981E+03
   0.1063927602600000E+02,   0.8475000000000000E+01,  -0.5063633965500000E+00,   0.1411671758285880E+03
   0.8924183917600001E+01,   0.8475000000000000E+01,  -0.4700408434700001E+00,   0.1533107857518932E+03
   0.7549401441200001E+01,   0.8475000000000000E+01,  -0.4114156634600000E+00,   0.1414514508943001E+03
   0.6504240727100000E+01,   0.8475000000000000E+01,  -0.3407136797300000E+00,   0.8252031439270316E+02
   0.5742434989200000E+01,   0.8475000000000000E+01,  -0.2620003682400000E+00,   0.2905490518837134E+02
   0.5207482784600000E+01,   0.8475000000000000E+01,  -0.1718786601600000E+00,   0.1311096622246358E+02
   0.4893043531400000E+01,   0.8475000000000000E+01,   0.0000000000000000E+00,  -0.2136400181194140E+03
   0.5184133385400000E+01,   0.8475000000000000E+01,   0.2124282367500000E+00,  -0.4715204497392459E+03
   0.5711813483800000E+01,   0.8475000000000000E+01,   0.3513394157600000E+00,  -0.4913588156104052E+03
   0.6469551008100000E+01,   0.8475000000000000E+01,   0.4840328032300000E+00,  -0.3969384903561134E+03
   0.7513274691600000E+01,   0.8475000000000000E+01,   0.6126398266200000E+00,  -0.2548599608274611E+03
   0.8889360539700000E+01,   0.8475000000000000E+01,   0.7290967240200000E+00,  -0.1378175385504758E+03
   0.1060862909000000E+02,   0.8475000000000000E+01,   0.8164953854800000E+00,  -0.5163073700924880E+02
   0.1262026058600000E+02,   0.8475000000000000E+01,   0.8531866635499999E+00,   0.1132672616092703E+02
   0.1480157482700000E+02,   0.8475000000000000E+01,   0.8086533706900000E+00,   0.6263710555409117E+02
   0.1698048663900000E+02,   0.8475000000000000E+01,   0.6945377469200000E+00,   0.9467368758577572E+02
   0.1898716517400000E+02,   0.8475000000000000E+01,   0.5461866750400000E+00,   0.1251480678525840E+03
   0.2070218867000000E+02,   0.8475000000000000E+01,   0.3955726186400000E+00,   0.1448222545215592E+03
   0.2207709838200000E+02,   0.8475000000000000E+01,   0.2651509837400000E+00,   0.1569464078740336E+03
   0.2312394597300000E+02,   0.8475000000000000E+01,   0.1640258992800000E+00,   0.1477864083568938E+03
   0.2389002810800000E+02,   0.8475000000000000E+01,   0.9053030904499999E-01,   0.7089541100789050E+02
   0.2443444978800000E+02,   0.8475000000000000E+01,   0.3874151141900000E-01,  -0.1520582682477623E+03
   0.2772608706300000E+02,   0.1695000000000000E+02,   0.6907261738600000E-06,  -0.4057715573144481E+03
   0.2738507111400000E+02,   0.1695000000000000E+02,   0.3896092941900000E-02,  -0.4712747104300765E+03
   0.2689438300000000E+02,   0.1695000000000000E+02,  -0.6604220509000001E-02,  -0.4026984979371101E+03
   0.2620379400200000E+02,   0.1695000000000000E+02,  -0.3408857488700000E-01,  -0.2388079249833645E+03
   0.2526024113700000E+02,   0.1695000000000000E+02,  -0.8390901143000000E-01,  -0.1235850836984787E+03
   0.2402151702600000E+02,   0.1695000000000000E+02,  -0.1601853209100000E+00,  -0.4918486506620103E+02
   0.2247744729700000E+02,   0.1695000000000000E+02,  -0.2600785472700000E+00,   0.6480551252487966E+01
   0.2067228778400000E+02,   0.1695000000000000E+02,  -0.3704247601700000E+00,   0.5050758951138676E+02
   0.1871358314200000E+02,   0.1695000000000000E+02,  -0.4687279776600000E+00,   0.8939240473336746E+02
   0.1675329972500000E+02,   0.1695000000000000E+02,  -0.5264847818500000E+00,   0.1176744849849442E+03
   0.1494475348500000E+02,   0.1695000000000000E+02,  -0.5296497002600000E+00,   0.1306899285605806E+03
   0.1339771714900000E+02,   0.1695000000000000E+02,  -0.4953640359200000E+00,   0.1442858879238154E+03
   0.1215802900500000E+02,   0.1695000000000000E+02,  -0.4354303573800000E+00,   0.1435603062269608E+03
   0.1121643885700000E+02,   0.1695000000000000E+02,  -0.3600032509300000E+00,   0.1039166318046238E+03
   0.1053175735700000E+02,   0.1695000000000000E+02,  -0.2738313814500000E+00,   0.4020866498878297E+02
   0.1005469657900000E+02,   0.1695000000000000E+02,  -0.1734576460600000E+00,   0.2165800567827763E+02
   0.9786087062800000E+01,   0.1695000000000000E+02,   0.0000000000000000E+00,  -0.2301716703235593E+03
   0.1003718452900000E+02,   0.1695000000000000E+02,   0.2038698285000000E+00,  -0.5120013268856018E+03
   0.1050879122800000E+02,   0.1695000000000000E+02,   0.3408356670900000E+00,  -0.4546869564531324E+03
   0.1119042156800000E+02,   0.1695000000000000E+02,   0.4674925935500000E+00,  -0.3347264942996814E+03
   0.1213093394200000E+02,   0.1695000000000000E+02,   0.5863484797500000E+00,  -0.2026694001805917E+03
   0.1337159961500000E+02,   0.1695000000000000E+02,   0.6896559463400000E+00,  -0.1013704932389768E+03
   0.1492176828300000E+02,   0.1695000000000000E+02,   0.7622486919600000E+00,  -0.2938276846403308E+02
   0.1673530870800000E+02,   0.1695000000000000E+02,   0.7862608499800000E+00,   0.2094137431053622E+02
   0.1870158526200000E+02,   0.1695000000000000E+02,   0.7393578520300000E+00,   0.7116737438647034E+02
   0.2066569770400000E+02,   0.1695000000000000E+02,   0.6331791737300000E+00,   0.1039123656448522E+03
   0.2247463524100000E+02,   0.1695000000000000E+02,   0.4982484294300000E+00,   0.1316608219398153E+03
   0.2402070337900000E+02,   0.1695000000000000E+02,   0.3621271554900000E+00,   0.1494865852887382E+03
   0.2526013225800000E+02,   0.1695000000000000E+02,   0.2439745072100000E+00,   0.1594988130094980E+03
   0.2620374886600000E+02,   0.1695000000000000E+02,   0.1516177850500000E+00,   0.1461827976246525E+03
   0.2689421864800000E+02,   0.1695000000000000E+02,   0.8383488279500000E-01,   0.6493759618563313E+02
   0.2738486601200000E+02,   0.1695000000000000E+02,   0.3568747083700000E-01,  -0.1764416587820112E+03
   0.3063913059400000E+02,   0.2542500000000000E+02,   0.4604841159100000E-06,  -0.3594319551323618E+03
   0.3033541897100000E+02,   0.2542500000000000E+02,  -0.6244387735500000E-02,  -0.4890721823183977E+03
   0.2989851875600000E+02,   0.2542500000000000E+02,  -0.2565234835500000E-01,  -0.3574427158670310E+03
   0.2928358184900000E+02,   0.2542500000000000E+02,  -0.6085686404000001E-01,  -0.1990354904404492E+03
   0.2844323872000000E+02,   0.2542500000000000E+02,  -0.1160877001600000E+00,  -0.9756829077510929E+02
   0.2733976052000000E+02,   0.2542500000000000E+02,  -0.1940538026200000E+00,  -0.3153792050106210E+02
   0.2596398001300000E+02,   0.2542500000000000E+02,  -0.2915302623800000E+00,   0.1922301612494958E+02
   0.2435530215400000E+02,   0.2542500000000000E+02,  -0.3966509915000000E+00,   0.5780105119482815E+02
   0.2260959428400000E+02,   0.2542500000000000E+02,  -0.4896424171300000E+00,   0.9040846768673561E+02
   0.2086235084200000E+02,   0.2542500000000000E+02,  -0.5461509910000000E+00,   0.1118007752131408E+03
   0.1925023094300000E+02,   0.2542500000000000E+02,  -0.5529360039700000E+00,   0.1218358768928349E+03
   0.1787125038000000E+02,   0.2542500000000000E+02,  -0.5206872283800000E+00,   0.1335790674005025E+03
   0.1676665656800000E+02,   0.2542500000000000E+02,  -0.4594450513100000E+00,   0.1368187940002750E+03
   0.1592863698800000E+02,   0.2542500000000000E+02,  -0.3792928221300000E+00,   0.1039997284177881E+03
   0.1532107972400000E+02,   0.2542500000000000E+02,  -0.2856623946600000E+00,  -0.1905477013730392E+02
   0.1490191037300000E+02,   0.2542500000000000E+02,  -0.1750366319700000E+00,  -0.6082759498649801E+02
   0.1467913059400000E+02,   0.2542500000000000E+02,   0.0000000000000000E+00,  -0.2342633819526051E+03
   0.1489023567300000E+02,   0.2542500000000000E+02,   0.1953114202600000E+00,  -0.5120013268856018E+03
   0.1530576897100000E+02,   0.2542500000000000E+02,   0.3303319184200000E+00,  -0.4743557722405913E+03
   0.1591129212800000E+02,   0.2542500000000000E+02,   0.4509523838800000E+00,  -0.3428325718511290E+03
   0.1674859319300000E+02,   0.2542500000000000E+02,   0.5600571328900000E+00,  -0.1961208451310799E+03
   0.1785383869100000E+02,   0.2542500000000000E+02,   0.6502151686500000E+00,  -0.9885316108849968E+02
   0.1923490747500000E+02,   0.2542500000000000E+02,   0.7080019984400000E+00,  -0.1468168889464468E+02
   0.2085035683000000E+02,   0.2542500000000000E+02,   0.7193350364200000E+00,   0.4706014174407016E+02
   0.2260159569700000E+02,   0.2542500000000000E+02,   0.6700623333700000E+00,   0.8693894817773516E+02
   0.2435090876800000E+02,   0.2542500000000000E+02,   0.5718206005399999E+00,   0.1162686047832244E+03
   0.2596210530900000E+02,   0.2542500000000000E+02,   0.4503101838300000E+00,   0.1379640781095905E+03
   0.2733921808800000E+02,   0.2542500000000000E+02,   0.3286816923400000E+00,   0.1539038188038055E+03
   0.2844316613399999E+02,   0.2542500000000000E+02,   0.2227980306900000E+00,   0.1616782959466680E+03
   0.2928355175900000E+02,   0.2542500000000000E+02,   0.1392096708200000E+00,   0.1477561536885297E+03
   0.2989840918800000E+02,   0.2542500000000000E+02,   0.7713945654600000E-01,   0.7499651987166462E+02
   0.3033528223600000E+02,   0.2542500000000000E+02,   0.3263343025500000E-01,  -0.9462201745812420E+02
   0.3328576682700000E+02,   0.3390000000000000E+02,  -0.1638486841300000E-01,  -0.4829895161269388E+03
   0.3355217412600000E+02,   0.3390000000000000E+02,   0.2302420579500000E-06,  -0.3070408429968303E+03
   0.3290265451200000E+02,   0.3390000000000000E+02,  -0.4470047620100000E-01,  -0.4412490936999581E+03
   0.3236336969700000E+02,   0.3390000000000000E+02,  -0.8762515319399999E-01,  -0.2942679771965522E+03
   0.3162623630300000E+02,   0.3390000000000000E+02,  -0.1482663889000000E+00,  -0.1513168240093663E+03
   0.3065800401300000E+02,   0.3390000000000000E+02,  -0.2279222843300000E+00,  -0.6476807905175441E+02
   0.2945051272800000E+02,   0.3390000000000000E+02,  -0.3229819775000000E+00,  -0.7016105264134376E+01
   0.2803831652500000E+02,   0.3390000000000000E+02,  -0.4228772228400000E+00,   0.2976213238664485E+02
   0.2650560542500000E+02,   0.3390000000000000E+02,  -0.5105568565900001E+00,   0.7341076217557710E+02
   0.2497140195800000E+02,   0.3390000000000000E+02,  -0.5658172001500000E+00,   0.1037082269985081E+03
   0.2355570840200000E+02,   0.3390000000000000E+02,  -0.5762223076800000E+00,   0.1202018882036111E+03
   0.2234478361200000E+02,   0.3390000000000000E+02,  -0.5460104208300000E+00,   0.1278875217199100E+03
   0.2137528413200000E+02,   0.3390000000000000E+02,  -0.4834597452300001E+00,   0.1226584666333804E+03
   0.2064083511800000E+02,   0.3390000000000000E+02,  -0.3985823933300000E+00,   0.6953211284040313E+02
   0.2011040209100000E+02,   0.3390000000000000E+02,  -0.2974934078800000E+00,  -0.7149848421500218E+02
   0.1974912416700000E+02,   0.3390000000000000E+02,  -0.1766156178700000E+00,  -0.1299310726544307E+03
   0.1957217412600000E+02,   0.3390000000000000E+02,   0.0000000000000000E+00,  -0.2474613221609270E+03
   0.1974328681700000E+02,   0.3390000000000000E+02,   0.1867530120100000E+00,  -0.4863552142215889E+03
   0.2010274671500000E+02,   0.3390000000000000E+02,   0.3198281697500000E+00,  -0.4945744446485328E+03
   0.2063216268800000E+02,   0.3390000000000000E+02,   0.4344121742100000E+00,  -0.3879527413732870E+03
   0.2136625244400000E+02,   0.3390000000000000E+02,   0.5337657860200000E+00,  -0.2414095528160279E+03
   0.2233607776700000E+02,   0.3390000000000000E+02,   0.6107743909700000E+00,  -0.1321828945452359E+03
   0.2354804666800000E+02,   0.3390000000000000E+02,   0.6537553049200000E+00,  -0.3773230546656538E+02
   0.2496540495200000E+02,   0.3390000000000000E+02,   0.6524092228600000E+00,   0.4193801122856387E+02
   0.2650160613200000E+02,   0.3390000000000000E+02,   0.6007668147100000E+00,   0.9559767832911240E+02
   0.2803611983200000E+02,   0.3390000000000000E+02,   0.5104620273600000E+00,   0.1334043354024333E+03
   0.2944957537600000E+02,   0.3390000000000000E+02,   0.4023719382200000E+00,   0.1539724949863316E+03
   0.3065773279800000E+02,   0.3390000000000000E+02,   0.2952362291900000E+00,   0.1654010296317521E+03
   0.3162620001000000E+02,   0.3390000000000000E+02,   0.2016215541600000E+00,   0.1546730576168505E+03
   0.3236335465100000E+02,   0.3390000000000000E+02,   0.1268015565800000E+00,   0.1009009132762775E+03
   0.3290259972800000E+02,   0.3390000000000000E+02,   0.7044403029599999E-01,  -0.5558919089293748E+01
   0.3328569846000000E+02,   0.3390000000000000E+02,   0.2957938967200000E-01,  -0.1083469744220043E+03
   0.3623611468300000E+02,   0.4237500000000000E+02,  -0.2652534909000000E-01,  -0.4007541453616658E+03
   0.3646521765700000E+02,   0.4237500000000000E+02,   0.0000000000000000E+00,  -0.3057578813929501E+03
   0.3590679026700000E+02,   0.4237500000000000E+02,  -0.6374860404700000E-01,  -0.4644766165327365E+03
   0.3544315754400000E+02,   0.4237500000000000E+02,  -0.1143934423500000E+00,  -0.4203932315815995E+03
   0.3480923388700000E+02,   0.4237500000000000E+02,  -0.1804450776300000E+00,  -0.2865470156569696E+03
   0.3397624750700000E+02,   0.4237500000000000E+02,  -0.2617907660300000E+00,  -0.1578715488987231E+03
   0.3293704544300000E+02,   0.4237500000000000E+02,  -0.3544336926100000E+00,  -0.7258136370508329E+02
   0.3172133089600000E+02,   0.4237500000000000E+02,  -0.4491034541700000E+00,  -0.1213370328367054E+02
   0.3040161656700000E+02,   0.4237500000000000E+02,  -0.5314712960600000E+00,   0.4432691612358686E+02
   0.2908045307400000E+02,   0.4237500000000000E+02,  -0.5854834093000000E+00,   0.8572451108003385E+02
   0.2786118586000000E+02,   0.4237500000000000E+02,  -0.5995086114000000E+00,   0.9967513724882446E+02
   0.2681831684300000E+02,   0.4237500000000000E+02,  -0.5713336132800000E+00,   0.1071817549273972E+03
   0.2598391169500000E+02,   0.4237500000000000E+02,  -0.5074744391600000E+00,   0.1012918463874324E+03
   0.2535303324900000E+02,   0.4237500000000000E+02,  -0.4178719645300000E+00,   0.5114350235678339E+02
   0.2489972445900000E+02,   0.4237500000000000E+02,  -0.3093244210900000E+00,  -0.5043933888968701E+02
   0.2459633796100000E+02,   0.4237500000000000E+02,  -0.1781946037700000E+00,  -0.1369215184914189E+03
   0.2446521765700000E+02,   0.4237500000000000E+02,   0.0000000000000000E+00,  -0.2762113335971450E+03
   0.2459633796100000E+02,   0.4237500000000000E+02,   0.1781946037700000E+00,  -0.4562175359444265E+03
   0.2489972445900000E+02,   0.4237500000000000E+02,   0.3093244210900000E+00,  -0.4715800160891403E+03
   0.2535303324900000E+02,   0.4237500000000000E+02,   0.4178719645300000E+00,  -0.3716946820195644E+03
   0.2598391169500000E+02,   0.4237500000000000E+02,   0.5074744391600000E+00,  -0.2460695975960014E+03
   0.2681831684300000E+02,   0.4237500000000000E+02,   0.5713336132800000E+00,  -0.1391509822363689E+03
   0.2786118586000000E+02,   0.4237500000000000E+02,   0.5995086114000000E+00,  -0.5120601234952358E+02
   0.2908045307400000E+02,   0.4237500000000000E+02,   0.5854834093000000E+00,   0.3352754905282206E+02
   0.3040161656700000E+02,   0.4237500000000000E+02,   0.5314712960600000E+00,   0.1027349496753579E+03
   0.3172133089600000E+02,   0.4237500000000000E+02,   0.4491034541700000E+00,   0.1405244695190593E+03
   0.3293704544300000E+02,   0.4237500000000000E+02,   0.3544336926100000E+00,   0.1526221659091165E+03
   0.3397624750700000E+02,   0.4237500000000000E+02,   0.2617907660300000E+00,   0.1466242786301385E+03
   0.3480923388700000E+02,   0.4237500000000000E+02,   0.1804450776300000E+00,   0.9682006391819918E+02
   0.3544315754400000E+02,   0.4237500000000000E+02,   0.1143934423500000E+00,   0.5470171127033932E+01
   0.3590679026700000E+02,   0.4237500000000000E+02,   0.6374860404700000E-01,  -0.1072084062642280E+03
   0.3623611468300000E+02,   0.4237500000000000E+02,   0.2652534909000000E-01,  -0.2158882629962349E+03
   0.3623611468300000E+02,   0.4237500000000000E+02,  -0.1326267454500000E-01,  -0.5120013268856018E+03
   0.3590679026700000E+02,   0.4237500000000000E+02,  -0.3187430202300000E-01,  -0.5029197738604607E+03
   0.3544315754400000E+02,   0.4237500000000000E+02,  -0.5719672117400000E-01,  -0.5120013268856018E+03
   0.3480923388700000E+02,   0.4237500000000000E+02,  -0.9022253881599999E-01,  -0.5120013268856018E+03
   0.3397624750700000E+02,   0.4237500000000000E+02,  -0.1308953830200000E+00,  -0.5120013268856018E+03
   0.3293704544300000E+02,   0.4237500000000000E+02,  -0.1772168463000000E+00,  -0.5120013268856019E+03
   0.3172133089600000E+02,   0.4237500000000000E+02,  -0.2245517270800000E+00,  -0.3820197919485741E+03
   0.3040161656700000E+02,   0.4237500000000000E+02,  -0.2657356480300000E+00,  -0.2863879483870872E+03
   0.2908045307400000E+02,   0.4237500000000000E+02,  -0.2927417046500000E+00,  -0.3991053397658122E+03
   0.2786118586000000E+02,   0.4237500000000000E+02,  -0.2997543057000000E+00,  -0.5120013268856019E+03
   0.2681831684300000E+02,   0.4237500000000000E+02,  -0.2856668066400000E+00,  -0.5120013268856018E+03
   0.2598391169500000E+02,   0.4237500000000000E+02,  -0.2537372195800000E+00,  -0.5120013268856018E+03
   0.2535303324900000E+02,   0.4237500000000000E+02,  -0.2089359822700000E+00,  -0.5120013268856018E+03
   0.2489972445900000E+02,   0.4237500000000000E+02,  -0.1546622105400000E+00,  -0.5120013268856017E+03
   0.2459633796100000E+02,   0.4237500000000000E+02,  -0.8909730188499999E-01,  -0.4612456368344482E+03
   0.2459633796100000E+02,   0.4237500000000000E+02,   0.8909730188499999E-01,  -0.4127922481501092E+03
   0.2489972445900000E+02,   0.4237500000000000E+02,   0.1546622105400000E+00,  -0.3792982970056824E+03
   0.2535303324900000E+02,   0.4237500000000000E+02,   0.2089359822700000E+00,  -0.4566081454297299E+03
   0.2598391169500000E+02,   0.4237500000000000E+02,   0.2537372195800000E+00,  -0.5069320911392509E+03
   0.2681831684300000E+02,   0.4237500000000000E+02,   0.2856668066400000E+00,  -0.5120013268856018E+03
   0.2786118586000000E+02,   0.4237500000000000E+02,   0.2997543057000000E+00,  -0.5120013268856021E+03
   0.2908045307400000E+02,   0.4237500000000000E+02,   0.2927417046500000E+00,  -0.3858088653547774E+03
   0.3040161656700000E+02,   0.4237500000000000E+02,   0.2657356480300000E+00,  -0.2598181508037592E+03
   0.3172133089600000E+02,   0.4237500000000000E+02,   0.2245517270800000E+00,  -0.3578635384335751E+03
   0.3293704544300000E+02,   0.4237500000000000E+02,   0.1772168463000000E+00,  -0.4286107743147464E+03
   0.3397624750700000E+02,   0.4237500000000000E+02,   0.1308953830200000E+00,  -0.3134895001230885E+03
   0.3480923388700000E+02,   0.4237500000000000E+02,   0.9022253881599999E-01,  -0.3422701238230145E+03
   0.3544315754400000E+02,   0.4237500000000000E+02,   0.5719672117400000E-01,  -0.4034726673186007E+03
   0.3590679026700000E+02,   0.4237500000000000E+02,   0.3187430202300000E-01,  -0.4208605651203695E+03
   0.3623611468300000E+02,   0.4237500000000000E+02,   0.1326267454500000E-01,  -0.5120013268856019E+03
   0.3623611468300000E+02,   0.4237500000000000E+02,  -0.1001406687000000E-14,  -0.5120013268856018E+03
   0.3590679026700000E+02,   0.4237500000000000E+02,  -0.1366980457000000E-14,  -0.4961277681253145E+03
   0.3544315754400000E+02,   0.4237500000000000E+02,  -0.1048645264400000E-14,  -0.5048709817518725E+03
   0.3480923388700000E+02,   0.4237500000000000E+02,  -0.3097052330600000E-15,  -0.5120013268856018E+03
   0.3397624750700000E+02,   0.4237500000000000E+02,  -0.9275788076100000E-16,  -0.5120013268856018E+03
   0.3293704544300000E+02,   0.4237500000000000E+02,  -0.5769431671900000E-16,  -0.5120013268856018E+03
   0.3172133089600000E+02,   0.4237500000000000E+02,  -0.6527505733700000E-16,  -0.5120013268856019E+03
   0.3040161656700000E+02,   0.4237500000000000E+02,   0.1110223024600000E-15,  -0.5120013268856018E+03
   0.2908045307400000E+02,   0.4237500000000000E+02,  -0.1110290051900000E-15,  -0.5120013268856018E+03
   0.2786118586000000E+02,   0.4237500000000000E+02,  -0.1340484629300000E-16,  -0.5120013268856018E+03
   0.2681831684300000E+02,   0.4237500000000000E+02,   0.1261379605100000E-15,  -0.5120013268856018E+03
   0.2598391169500000E+02,   0.4237500000000000E+02,   0.6873513653300000E-16,  -0.5120013268856018E+03
   0.2535303324900000E+02,   0.4237500000000000E+02,  -0.1837117971400000E-15,  -0.5120013268856018E+03
   0.2489972445900000E+02,   0.4237500000000000E+02,   0.1052235383600000E-14,  -0.5030322781255764E+03
   0.2459633796100000E+02,   0.4237500000000000E+02,  -0.9488480132400000E-15,  -0.4555839868352484E+03
