   0.2190000000000000E+02,   0.0000000000000000E+00,   0.1151210289800000E-05,   0.1110467105416002E+02
   0.2148420448300000E+02,   0.0000000000000000E+00,   0.3298630314900000E-01,  -0.9199806294846407E+02
   0.2148428994200000E+02,   0.0000000000000000E+00,   0.2858167872300000E-01,  -0.4780561065294484E+02
   0.2088597452800000E+02,   0.0000000000000000E+00,   0.6435888523900000E-01,  -0.9805819055834425E+02
   0.2088604300800000E+02,   0.0000000000000000E+00,   0.4792546021100000E-01,  -0.5579950712097938E+02
   0.2004418069400000E+02,   0.0000000000000000E+00,   0.9794100846900000E-01,  -0.9822116672848315E+02
   0.2004419950100000E+02,   0.0000000000000000E+00,   0.5869450594500000E-01,  -0.8560704094753655E+02
   0.1889415523800000E+02,   0.0000000000000000E+00,   0.1333879131500000E+00,  -0.8835099630966077E+02
   0.1889420060400000E+02,   0.0000000000000000E+00,   0.5691813959500001E-01,  -0.1093584122457265E+03
   0.1738435200000000E+02,   0.0000000000000000E+00,   0.1682848621500000E+00,  -0.5759934019397649E+02
   0.1738469102000000E+02,   0.0000000000000000E+00,   0.3791825232800000E-01,  -0.7357908436459392E+02
   0.1550203848600000E+02,   0.0000000000000000E+00,   0.1984749018000000E+00,  -0.3121676413343473E+02
   0.1550321017700000E+02,   0.0000000000000000E+00,   0.6498923753800000E-03,  -0.4126973160024427E+02
   0.1330076730900000E+02,   0.0000000000000000E+00,   0.2189620113000000E+00,  -0.2296863666148132E+02
   0.1330351317500000E+02,   0.0000000000000000E+00,  -0.4950514310500000E-01,  -0.1292258491437484E+02
   0.1091156262600000E+02,   0.0000000000000000E+00,   0.2255248953100000E+00,  -0.1004051009987540E+02
   0.1091656174200000E+02,   0.0000000000000000E+00,  -0.1006871017100000E+00,   0.1991454408424374E+01
   0.8527701235700000E+01,   0.0000000000000000E+00,  -0.1353361533800000E+00,   0.1784027939382133E+01
   0.8520204978400001E+01,   0.0000000000000000E+00,   0.2164800567800000E+00,  -0.2210407572050029E+01
   0.6324221399900000E+01,   0.0000000000000000E+00,  -0.1446222998800000E+00,   0.7257907368412614E+00
   0.6314644232400000E+01,   0.0000000000000000E+00,   0.1938324930800000E+00,   0.9517749996657033E+00
   0.4439768380700000E+01,   0.0000000000000000E+00,  -0.1414038628400000E+00,   0.2680325451900635E+01
   0.4428886075100000E+01,   0.0000000000000000E+00,   0.1619099253400000E+00,   0.2952948654870724E+01
   0.2929484268500000E+01,   0.0000000000000000E+00,  -0.1308179337800000E+00,   0.3424782153960836E+01
   0.2918194659200000E+01,   0.0000000000000000E+00,   0.1257651019700000E+00,   0.4136355008374494E+01
   0.1781202059600000E+01,   0.0000000000000000E+00,  -0.1159248281800000E+00,   0.3083134949362087E+01
   0.1770361522400000E+01,   0.0000000000000000E+00,   0.8957445218300000E-01,   0.4639874106640392E+01
   0.9435434013000000E+00,   0.0000000000000000E+00,  -0.9716622516600000E-01,   0.3172072773450233E+01
   0.9339741808600001E+00,   0.0000000000000000E+00,   0.5583690469699999E-01,   0.6614925982744253E+01
   0.3529723032700000E+00,   0.0000000000000000E+00,  -0.7247809444800001E-01,   0.3281993857722209E+01
   0.3456756160300000E+00,   0.0000000000000000E+00,   0.2534348536400000E-01,   0.7920364185264954E+01
   0.0000000000000000E+00,   0.0000000000000000E+00,   0.0000000000000000E+00,   0.5738919154507149E+01
   0.3383789287900000E+00,   0.0000000000000000E+00,   0.1231650651800000E+00,   0.7640866941353062E+01
   0.9244049604300001E+00,   0.0000000000000000E+00,   0.2088400345600000E+00,   0.7594210587245539E+01
   0.1759520985200000E+01,   0.0000000000000000E+00,   0.2950737325400000E+00,   0.6092617007531659E+01
   0.2906905050000000E+01,   0.0000000000000000E+00,   0.3823481377300000E+00,   0.4480031090502903E+01
   0.4418003769500000E+01,   0.0000000000000000E+00,   0.4652237135200000E+00,   0.2748936519311876E+01
   0.6305067065000000E+01,   0.0000000000000000E+00,   0.5322872860400000E+00,   0.6161548185476957E+00
   0.8512708721099999E+01,   0.0000000000000000E+00,   0.5682962669400000E+00,   0.9595986378944986E+00
   0.1090656350900000E+02,   0.0000000000000000E+00,   0.5517368923300000E+00,  -0.2525189045321593E+01
   0.1329802144200000E+02,   0.0000000000000000E+00,   0.4874291657100000E+00,  -0.1190254291106617E+02
   0.1550086679600000E+02,   0.0000000000000000E+00,   0.3962999112300000E+00,  -0.1112979664212329E+02
   0.1738401298000000E+02,   0.0000000000000000E+00,   0.2986514719700000E+00,  -0.7973725681997304E+01
   0.1889410987200000E+02,   0.0000000000000000E+00,   0.2098576867100000E+00,  -0.2454200558615048E+02
   0.2004416188700000E+02,   0.0000000000000000E+00,   0.1371875109900000E+00,  -0.4343398320821672E+02
   0.2088590604800000E+02,   0.0000000000000000E+00,   0.8079231026600001E-01,  -0.4703538009364847E+02
   0.2148411902300000E+02,   0.0000000000000000E+00,   0.3739092757500000E-01,  -0.2566703122562627E+01
   0.2148437540100000E+02,   0.0000000000000000E+00,   0.2417705429700000E-01,   0.4647138307006730E+01
   0.2088611148800000E+02,   0.0000000000000000E+00,   0.3149203518300000E-01,   0.4795617722888275E+01
   0.2004421830700000E+02,   0.0000000000000000E+00,   0.1944800342100000E-01,   0.7086778949505036E+01
   0.1889424597100000E+02,   0.0000000000000000E+00,  -0.1955163396200000E-01,   0.8811156520112515E+01
   0.1738503003900000E+02,   0.0000000000000000E+00,  -0.9244835749400000E-01,   0.1033666686966256E+02
   0.1550438186700000E+02,   0.0000000000000000E+00,  -0.1971751170500000E+00,   0.1140001680556024E+02
   0.1330625904200000E+02,   0.0000000000000000E+00,  -0.3179722975100000E+00,   0.1340746298063104E+02
   0.1092156085900000E+02,   0.0000000000000000E+00,  -0.4268990987299999E+00,   0.1573150663523205E+02
   0.8535197493100000E+01,   0.0000000000000000E+00,  -0.4871523635400000E+00,   0.1653881734447933E+02
   0.6333798567300000E+01,   0.0000000000000000E+00,  -0.4830770928400000E+00,   0.1707348280838838E+02
   0.4450650686200000E+01,   0.0000000000000000E+00,  -0.4447176510100000E+00,   0.1787149894514664E+02
   0.2940773877700000E+01,   0.0000000000000000E+00,  -0.3874009695300000E+00,   0.1836294200652737E+02
   0.1792042596700000E+01,   0.0000000000000000E+00,  -0.3214241085300000E+00,   0.1860518747199466E+02
   0.9531126217400000E+00,   0.0000000000000000E+00,  -0.2501693550300000E+00,   0.1665176041931003E+02
   0.3602689905200000E+00,   0.0000000000000000E+00,  -0.1702996742600000E+00,   0.1132420293962720E+02
   0.3310822415500000E+00,   0.0000000000000000E+00,   0.2209866449900000E+00,  -0.3206165765546517E+01
   0.9148357399900001E+00,   0.0000000000000000E+00,   0.3618431644200000E+00,  -0.8350515134277513E+01
   0.1748680448000000E+01,   0.0000000000000000E+00,   0.5005730129000000E+00,  -0.4098401655944638E+01
   0.2895615440700000E+01,   0.0000000000000000E+00,   0.6389311734799999E+00,   0.2797342800580605E+01
   0.4407121463900000E+01,   0.0000000000000000E+00,   0.7685375017000000E+00,   0.6570667000865501E+01
   0.6295489897600000E+01,   0.0000000000000000E+00,   0.8707420789999999E+00,   0.8673642277967224E+01
   0.8505212463700000E+01,   0.0000000000000000E+00,   0.9201124771100000E+00,   0.1103374916937311E+02
   0.1090156439200000E+02,   0.0000000000000000E+00,   0.8779488893500000E+00,   0.1367628620822053E+02
   0.1329527557500000E+02,   0.0000000000000000E+00,   0.7558963201100000E+00,   0.1467054699988388E+02
   0.1549969510600000E+02,   0.0000000000000000E+00,   0.5941249206500000E+00,   0.1570924070292433E+02
   0.1738367396000000E+02,   0.0000000000000000E+00,   0.4290180817899999E+00,   0.1678661126483393E+02
   0.1889406450500000E+02,   0.0000000000000000E+00,   0.2863274602700000E+00,   0.1792059430750512E+02
   0.2004414308100000E+02,   0.0000000000000000E+00,   0.1764340135200000E+00,   0.1902218129127511E+02
   0.2088583756800000E+02,   0.0000000000000000E+00,   0.9722573529400000E-01,   0.1951168986095448E+02
   0.2148403356400000E+02,   0.0000000000000000E+00,   0.4179555200200000E-01,   0.1786312840258464E+02
   0.2481304353100000E+02,   0.8475000000000000E+01,   0.9209682318100000E-06,   0.1134629579182437E+02
   0.2443472325800000E+02,   0.8475000000000000E+01,   0.1403657361900000E-01,   0.3755112197224947E+01
   0.2389024724400000E+02,   0.8475000000000000E+01,   0.1244390733700000E-01,   0.4160341527904253E+01
   0.2312400615500000E+02,   0.8475000000000000E+01,  -0.7320285733100000E-02,   0.7656583971357063E+01
   0.2207724355400000E+02,   0.8475000000000000E+01,  -0.5173032269600000E-01,   0.9875704425844644E+01
   0.2070327353300000E+02,   0.8475000000000000E+01,  -0.1263168392000000E+00,   0.1144164554318287E+02
   0.1899091458200000E+02,   0.8475000000000000E+01,  -0.2286268321600000E+00,   0.1265826048964534E+02
   0.1698927341300000E+02,   0.8475000000000000E+01,  -0.3441985288400000E+00,   0.1384277655221761E+02
   0.1481757200000000E+02,   0.8475000000000000E+01,  -0.4478135381900000E+00,   0.1529823338359541E+02
   0.1264424860900000E+02,   0.8475000000000000E+01,  -0.5068185726900000E+00,   0.1649615219676751E+02
   0.1063927602600000E+02,   0.8475000000000000E+01,  -0.5063633965500000E+00,   0.1704556437037468E+02
   0.8924183917600001E+01,   0.8475000000000000E+01,  -0.4700408434700001E+00,   0.1786218163519861E+02
   0.7549401441200001E+01,   0.8475000000000000E+01,  -0.4114156634600000E+00,   0.1859213664842461E+02
   0.6504240727100000E+01,   0.8475000000000000E+01,  -0.3407136797300000E+00,   0.1895711419544991E+02
   0.5742434989200000E+01,   0.8475000000000000E+01,  -0.2620003682400000E+00,   0.1898194538338918E+02
   0.5207482784600000E+01,   0.8475000000000000E+01,  -0.1718786601600000E+00,   0.1769988520839925E+02
   0.4893043531400000E+01,   0.8475000000000000E+01,   0.0000000000000000E+00,   0.4404706538032107E+01
   0.5184133385400000E+01,   0.8475000000000000E+01,   0.2124282367500000E+00,  -0.1088503410734383E+02
   0.5711813483800000E+01,   0.8475000000000000E+01,   0.3513394157600000E+00,  -0.5192389809799520E+01
   0.6469551008100000E+01,   0.8475000000000000E+01,   0.4840328032300000E+00,   0.3077889800363242E+01
   0.7513274691600000E+01,   0.8475000000000000E+01,   0.6126398266200000E+00,   0.6636416598787004E+01
   0.8889360539700000E+01,   0.8475000000000000E+01,   0.7290967240200000E+00,   0.9025917147865700E+01
   0.1060862909000000E+02,   0.8475000000000000E+01,   0.8164953854800000E+00,   0.1110514192586044E+02
   0.1262026058600000E+02,   0.8475000000000000E+01,   0.8531866635499999E+00,   0.1289995641747444E+02
   0.1480157482700000E+02,   0.8475000000000000E+01,   0.8086533706900000E+00,   0.1422666431989577E+02
   0.1698048663900000E+02,   0.8475000000000000E+01,   0.6945377469200000E+00,   0.1503587498067694E+02
   0.1898716517400000E+02,   0.8475000000000000E+01,   0.5461866750400000E+00,   0.1622421569038476E+02
   0.2070218867000000E+02,   0.8475000000000000E+01,   0.3955726186400000E+00,   0.1730426393303222E+02
   0.2207709838200000E+02,   0.8475000000000000E+01,   0.2651509837400000E+00,   0.1844268304021463E+02
   0.2312394597300000E+02,   0.8475000000000000E+01,   0.1640258992800000E+00,   0.1951490308165970E+02
   0.2389002810800000E+02,   0.8475000000000000E+01,   0.9053030904499999E-01,   0.1999330721194792E+02
   0.2443444978800000E+02,   0.8475000000000000E+01,   0.3874151141900000E-01,   0.1818732064132602E+02
   0.2772608706300000E+02,   0.1695000000000000E+02,   0.6907261738600000E-06,   0.9737930284933972E+01
   0.2738507111400000E+02,   0.1695000000000000E+02,   0.3896092941900000E-02,   0.6894509086262283E+00
   0.2689438300000000E+02,   0.1695000000000000E+02,  -0.6604220509000001E-02,   0.3039441996319310E+01
   0.2620379400200000E+02,   0.1695000000000000E+02,  -0.3408857488700000E-01,   0.7471477131899297E+01
   0.2526024113700000E+02,   0.1695000000000000E+02,  -0.8390901143000000E-01,   0.9782843347158256E+01
   0.2402151702600000E+02,   0.1695000000000000E+02,  -0.1601853209100000E+00,   0.1135500454125992E+02
   0.2247744729700000E+02,   0.1695000000000000E+02,  -0.2600785472700000E+00,   0.1267820516738776E+02
   0.2067228778400000E+02,   0.1695000000000000E+02,  -0.3704247601700000E+00,   0.1389846591948833E+02
   0.1871358314200000E+02,   0.1695000000000000E+02,  -0.4687279776600000E+00,   0.1533596140606241E+02
   0.1675329972500000E+02,   0.1695000000000000E+02,  -0.5264847818500000E+00,   0.1624807951275110E+02
   0.1494475348500000E+02,   0.1695000000000000E+02,  -0.5296497002600000E+00,   0.1664379007716893E+02
   0.1339771714900000E+02,   0.1695000000000000E+02,  -0.4953640359200000E+00,   0.1738448700169089E+02
   0.1215802900500000E+02,   0.1695000000000000E+02,  -0.4354303573800000E+00,   0.1820842453107185E+02
   0.1121643885700000E+02,   0.1695000000000000E+02,  -0.3600032509300000E+00,   0.1876368823528371E+02
   0.1053175735700000E+02,   0.1695000000000000E+02,  -0.2738313814500000E+00,   0.1891706748112571E+02
   0.1005469657900000E+02,   0.1695000000000000E+02,  -0.1734576460600000E+00,   0.1892598027923904E+02
   0.9786087062800000E+01,   0.1695000000000000E+02,   0.0000000000000000E+00,   0.1117128102218044E+01
   0.1003718452900000E+02,   0.1695000000000000E+02,   0.2038698285000000E+00,  -0.1523442465767754E+02
   0.1050879122800000E+02,   0.1695000000000000E+02,   0.3408356670900000E+00,  -0.4394222927343708E+01
   0.1119042156800000E+02,   0.1695000000000000E+02,   0.4674925935500000E+00,   0.4148010181819417E+01
   0.1213093394200000E+02,   0.1695000000000000E+02,   0.5863484797500000E+00,   0.7528480496385955E+01
   0.1337159961500000E+02,   0.1695000000000000E+02,   0.6896559463400000E+00,   0.9770480213884719E+01
   0.1492176828300000E+02,   0.1695000000000000E+02,   0.7622486919600000E+00,   0.1163167920942374E+02
   0.1673530870800000E+02,   0.1695000000000000E+02,   0.7862608499800000E+00,   0.1311108334682341E+02
   0.1870158526200000E+02,   0.1695000000000000E+02,   0.7393578520300000E+00,   0.1459892988083795E+02
   0.2066569770400000E+02,   0.1695000000000000E+02,   0.6331791737300000E+00,   0.1545063206444077E+02
   0.2247463524100000E+02,   0.1695000000000000E+02,   0.4982484294300000E+00,   0.1654648759465245E+02
   0.2402070337900000E+02,   0.1695000000000000E+02,   0.3621271554900000E+00,   0.1754784217486239E+02
   0.2526013225800000E+02,   0.1695000000000000E+02,   0.2439745072100000E+00,   0.1866861077903273E+02
   0.2620374886600000E+02,   0.1695000000000000E+02,   0.1516177850500000E+00,   0.1965063174696175E+02
   0.2689421864800000E+02,   0.1695000000000000E+02,   0.8383488279500000E-01,   0.2005720605074162E+02
   0.2738486601200000E+02,   0.1695000000000000E+02,   0.3568747083700000E-01,   0.1857873335780017E+02
   0.3063913059400000E+02,   0.2542500000000000E+02,   0.4604841159100000E-06,   0.7096247552880450E+01
   0.3033541897100000E+02,   0.2542500000000000E+02,  -0.6244387735500000E-02,  -0.1020943496416093E+01
   0.2989851875600000E+02,   0.2542500000000000E+02,  -0.2565234835500000E-01,   0.4974546918933265E+01
   0.2928358184900000E+02,   0.2542500000000000E+02,  -0.6085686404000001E-01,   0.8726973930955882E+01
   0.2844323872000000E+02,   0.2542500000000000E+02,  -0.1160877001600000E+00,   0.1073756531173609E+02
   0.2733976052000000E+02,   0.2542500000000000E+02,  -0.1940538026200000E+00,   0.1198484685855342E+02
   0.2596398001300000E+02,   0.2542500000000000E+02,  -0.2915302623800000E+00,   0.1332046063516105E+02
   0.2435530215400000E+02,   0.2542500000000000E+02,  -0.3966509915000000E+00,   0.1460819426717109E+02
   0.2260959428400000E+02,   0.2542500000000000E+02,  -0.4896424171300000E+00,   0.1558162598354720E+02
   0.2086235084200000E+02,   0.2542500000000000E+02,  -0.5461509910000000E+00,   0.1609913921512957E+02
   0.1925023094300000E+02,   0.2542500000000000E+02,  -0.5529360039700000E+00,   0.1629731383316340E+02
   0.1787125038000000E+02,   0.2542500000000000E+02,  -0.5206872283800000E+00,   0.1691583897964527E+02
   0.1676665656800000E+02,   0.2542500000000000E+02,  -0.4594450513100000E+00,   0.1795757193390602E+02
   0.1592863698800000E+02,   0.2542500000000000E+02,  -0.3792928221300000E+00,   0.1876272126939374E+02
   0.1532107972400000E+02,   0.2542500000000000E+02,  -0.2856623946600000E+00,   0.1877085626183455E+02
   0.1490191037300000E+02,   0.2542500000000000E+02,  -0.1750366319700000E+00,   0.1848507292262704E+02
   0.1467913059400000E+02,   0.2542500000000000E+02,   0.0000000000000000E+00,  -0.9049686231829405E+01
   0.1489023567300000E+02,   0.2542500000000000E+02,   0.1953114202600000E+00,  -0.1980796644827699E+02
   0.1530576897100000E+02,   0.2542500000000000E+02,   0.3303319184200000E+00,  -0.1418997682367229E+01
   0.1591129212800000E+02,   0.2542500000000000E+02,   0.4509523838800000E+00,   0.4044314336993351E+01
   0.1674859319300000E+02,   0.2542500000000000E+02,   0.5600571328900000E+00,   0.7306692859602339E+01
   0.1785383869100000E+02,   0.2542500000000000E+02,   0.6502151686500000E+00,   0.9550390276944288E+01
   0.1923490747500000E+02,   0.2542500000000000E+02,   0.7080019984400000E+00,   0.1185248278383417E+02
   0.2085035683000000E+02,   0.2542500000000000E+02,   0.7193350364200000E+00,   0.1382448814008360E+02
   0.2260159569700000E+02,   0.2542500000000000E+02,   0.6700623333700000E+00,   0.1530209353729681E+02
   0.2435090876800000E+02,   0.2542500000000000E+02,   0.5718206005399999E+00,   0.1633787882419293E+02
   0.2596210530900000E+02,   0.2542500000000000E+02,   0.4503101838300000E+00,   0.1705490408416946E+02
   0.2733921808800000E+02,   0.2542500000000000E+02,   0.3286816923400000E+00,   0.1790268811730918E+02
   0.2844316613399999E+02,   0.2542500000000000E+02,   0.2227980306900000E+00,   0.1903061092066982E+02
   0.2928355175900000E+02,   0.2542500000000000E+02,   0.1392096708200000E+00,   0.1993123303721115E+02
   0.2989840918800000E+02,   0.2542500000000000E+02,   0.7713945654600000E-01,   0.2032446692857472E+02
   0.3033528223600000E+02,   0.2542500000000000E+02,   0.3263343025500000E-01,   0.1973181271408045E+02
   0.3328576682700000E+02,   0.3390000000000000E+02,  -0.1638486841300000E-01,  -0.4292663447190164E+01
   0.3355217412600000E+02,   0.3390000000000000E+02,   0.2302420579500000E-06,   0.7277839623714898E+01
   0.3290265451200000E+02,   0.3390000000000000E+02,  -0.4470047620100000E-01,   0.3399092676385361E+00
   0.3236336969700000E+02,   0.3390000000000000E+02,  -0.8762515319399999E-01,   0.6953755525624246E+01
   0.3162623630300000E+02,   0.3390000000000000E+02,  -0.1482663889000000E+00,   0.1015355667587047E+02
   0.3065800401300000E+02,   0.3390000000000000E+02,  -0.2279222843300000E+00,   0.1181464667558021E+02
   0.2945051272800000E+02,   0.3390000000000000E+02,  -0.3229819775000000E+00,   0.1286584043943618E+02
   0.2803831652500000E+02,   0.3390000000000000E+02,  -0.4228772228400000E+00,   0.1389339961150911E+02
   0.2650560542500000E+02,   0.3390000000000000E+02,  -0.5105568565900001E+00,   0.1517023687749082E+02
   0.2497140195800000E+02,   0.3390000000000000E+02,  -0.5658172001500000E+00,   0.1572849658266014E+02
   0.2355570840200000E+02,   0.3390000000000000E+02,  -0.5762223076800000E+00,   0.1619758614162004E+02
   0.2234478361200000E+02,   0.3390000000000000E+02,  -0.5460104208300000E+00,   0.1689516093847132E+02
   0.2137528413200000E+02,   0.3390000000000000E+02,  -0.4834597452300001E+00,   0.1801723207804838E+02
   0.2064083511800000E+02,   0.3390000000000000E+02,  -0.3985823933300000E+00,   0.1879202849504199E+02
   0.2011040209100000E+02,   0.3390000000000000E+02,  -0.2974934078800000E+00,   0.1863877128570140E+02
   0.1974912416700000E+02,   0.3390000000000000E+02,  -0.1766156178700000E+00,   0.1540224506006480E+02
   0.1957217412600000E+02,   0.3390000000000000E+02,   0.0000000000000000E+00,  -0.1085835449820573E+02
   0.1974328681700000E+02,   0.3390000000000000E+02,   0.1867530120100000E+00,  -0.1988927587683696E+02
   0.2010274671500000E+02,   0.3390000000000000E+02,   0.3198281697500000E+00,  -0.4757119067437420E+01
   0.2063216268800000E+02,   0.3390000000000000E+02,   0.4344121742100000E+00,   0.2278722619065849E+01
   0.2136625244400000E+02,   0.3390000000000000E+02,   0.5337657860200000E+00,   0.6004400195522932E+01
   0.2233607776700000E+02,   0.3390000000000000E+02,   0.6107743909700000E+00,   0.8480624155466453E+01
   0.2354804666800000E+02,   0.3390000000000000E+02,   0.6537553049200000E+00,   0.1098998900195322E+02
   0.2496540495200000E+02,   0.3390000000000000E+02,   0.6524092228600000E+00,   0.1350215262626188E+02
   0.2650160613200000E+02,   0.3390000000000000E+02,   0.6007668147100000E+00,   0.1566646470000435E+02
   0.2803611983200000E+02,   0.3390000000000000E+02,   0.5104620273600000E+00,   0.1712669653724748E+02
   0.2944957537600000E+02,   0.3390000000000000E+02,   0.4023719382200000E+00,   0.1804847571625935E+02
   0.3065773279800000E+02,   0.3390000000000000E+02,   0.2952362291900000E+00,   0.1925888727309347E+02
   0.3162620001000000E+02,   0.3390000000000000E+02,   0.2016215541600000E+00,   0.2017760031321846E+02
   0.3236335465100000E+02,   0.3390000000000000E+02,   0.1268015565800000E+00,   0.2070662364853293E+02
   0.3290259972800000E+02,   0.3390000000000000E+02,   0.7044403029599999E-01,   0.2075012926866678E+02
   0.3328569846000000E+02,   0.3390000000000000E+02,   0.2957938967200000E-01,   0.1935713066845349E+02
   0.3623611468300000E+02,   0.4237500000000000E+02,  -0.2652534909000000E-01,   0.5101518449288666E+00
   0.3646521765700000E+02,   0.4237500000000000E+02,   0.0000000000000000E+00,   0.7181485847337779E+01
   0.3590679026700000E+02,   0.4237500000000000E+02,  -0.6374860404700000E-01,  -0.2676459033037233E+01
   0.3544315754400000E+02,   0.4237500000000000E+02,  -0.1143934423500000E+00,   0.5471211212065843E+00
   0.3480923388700000E+02,   0.4237500000000000E+02,  -0.1804450776300000E+00,   0.6242619201717067E+01
   0.3397624750700000E+02,   0.4237500000000000E+02,  -0.2617907660300000E+00,   0.9650605513272499E+01
   0.3293704544300000E+02,   0.4237500000000000E+02,  -0.3544336926100000E+00,   0.1139623036104605E+02
   0.3172133089600000E+02,   0.4237500000000000E+02,  -0.4491034541700000E+00,   0.1274044287282605E+02
   0.3040161656700000E+02,   0.4237500000000000E+02,  -0.5314712960600000E+00,   0.1432470605053726E+02
   0.2908045307400000E+02,   0.4237500000000000E+02,  -0.5854834093000000E+00,   0.1533605427571745E+02
   0.2786118586000000E+02,   0.4237500000000000E+02,  -0.5995086114000000E+00,   0.1574638542852586E+02
   0.2681831684300000E+02,   0.4237500000000000E+02,  -0.5713336132800000E+00,   0.1645656148827946E+02
   0.2598391169500000E+02,   0.4237500000000000E+02,  -0.5074744391600000E+00,   0.1744532623145326E+02
   0.2535303324900000E+02,   0.4237500000000000E+02,  -0.4178719645300000E+00,   0.1826935001010977E+02
   0.2489972445900000E+02,   0.4237500000000000E+02,  -0.3093244210900000E+00,   0.1834131331776317E+02
   0.2459633796100000E+02,   0.4237500000000000E+02,  -0.1781946037700000E+00,   0.1222682935303935E+02
   0.2446521765700000E+02,   0.4237500000000000E+02,   0.0000000000000000E+00,  -0.7817084374727889E+01
   0.2459633796100000E+02,   0.4237500000000000E+02,   0.1781946037700000E+00,  -0.1507659603599445E+02
   0.2489972445900000E+02,   0.4237500000000000E+02,   0.3093244210900000E+00,  -0.5224096653475923E+01
   0.2535303324900000E+02,   0.4237500000000000E+02,   0.4178719645300000E+00,   0.2383190975196574E+01
   0.2598391169500000E+02,   0.4237500000000000E+02,   0.5074744391600000E+00,   0.5976252118374722E+01
   0.2681831684300000E+02,   0.4237500000000000E+02,   0.5713336132800000E+00,   0.8477448855538604E+01
   0.2786118586000000E+02,   0.4237500000000000E+02,   0.5995086114000000E+00,   0.1077335805217652E+02
   0.2908045307400000E+02,   0.4237500000000000E+02,   0.5854834093000000E+00,   0.1344593811057454E+02
   0.3040161656700000E+02,   0.4237500000000000E+02,   0.5314712960600000E+00,   0.1601649785450065E+02
   0.3172133089600000E+02,   0.4237500000000000E+02,   0.4491034541700000E+00,   0.1756892669509221E+02
   0.3293704544300000E+02,   0.4237500000000000E+02,   0.3544336926100000E+00,   0.1863854589695110E+02
   0.3397624750700000E+02,   0.4237500000000000E+02,   0.2617907660300000E+00,   0.1977337431643583E+02
   0.3480923388700000E+02,   0.4237500000000000E+02,   0.1804450776300000E+00,   0.2037789738894828E+02
   0.3544315754400000E+02,   0.4237500000000000E+02,   0.1143934423500000E+00,   0.2052374819358753E+02
   0.3590679026700000E+02,   0.4237500000000000E+02,   0.6374860404700000E-01,   0.1851291344953167E+02
   0.3623611468300000E+02,   0.4237500000000000E+02,   0.2652534909000000E-01,   0.1331225935376226E+02
   0.3623611468300000E+02,   0.4237500000000000E+02,  -0.1326267454500000E-01,  -0.1120701547004023E+03
   0.3590679026700000E+02,   0.4237500000000000E+02,  -0.3187430202300000E-01,  -0.5569304620919232E+02
   0.3544315754400000E+02,   0.4237500000000000E+02,  -0.5719672117400000E-01,  -0.5436119758938131E+02
   0.3480923388700000E+02,   0.4237500000000000E+02,  -0.9022253881599999E-01,  -0.3979529590012523E+02
   0.3397624750700000E+02,   0.4237500000000000E+02,  -0.1308953830200000E+00,  -0.2284115682853356E+02
   0.3293704544300000E+02,   0.4237500000000000E+02,  -0.1772168463000000E+00,  -0.1086279245544466E+02
   0.3172133089600000E+02,   0.4237500000000000E+02,  -0.2245517270800000E+00,  -0.1031527632045974E+01
   0.3040161656700000E+02,   0.4237500000000000E+02,  -0.2657356480300000E+00,   0.4639390518510312E+01
   0.2908045307400000E+02,   0.4237500000000000E+02,  -0.2927417046500000E+00,   0.3085383056751481E+01
   0.2786118586000000E+02,   0.4237500000000000E+02,  -0.2997543057000000E+00,   0.1004723723617119E+01
   0.2681831684300000E+02,   0.4237500000000000E+02,  -0.2856668066400000E+00,   0.1854119638767683E+01
   0.2598391169500000E+02,   0.4237500000000000E+02,  -0.2537372195800000E+00,   0.1555231168039827E+01
   0.2535303324900000E+02,   0.4237500000000000E+02,  -0.2089359822700000E+00,  -0.3315067483984436E+00
   0.2489972445900000E+02,   0.4237500000000000E+02,  -0.1546622105400000E+00,  -0.1193990465173889E+01
   0.2459633796100000E+02,   0.4237500000000000E+02,  -0.8909730188499999E-01,  -0.6276152037048555E+00
   0.2459633796100000E+02,   0.4237500000000000E+02,   0.8909730188499999E-01,   0.1748918407734806E+01
   0.2489972445900000E+02,   0.4237500000000000E+02,   0.1546622105400000E+00,   0.6131864850889150E+01
   0.2535303324900000E+02,   0.4237500000000000E+02,   0.2089359822700000E+00,   0.5278719461860545E+01
   0.2598391169500000E+02,   0.4237500000000000E+02,   0.2537372195800000E+00,   0.4054379224146191E+01
   0.2681831684300000E+02,   0.4237500000000000E+02,   0.2856668066400000E+00,   0.2866727524180907E+01
   0.2786118586000000E+02,   0.4237500000000000E+02,   0.2997543057000000E+00,   0.1522178754434073E+01
   0.2908045307400000E+02,   0.4237500000000000E+02,   0.2927417046500000E+00,   0.3329250332958578E+01
   0.3040161656700000E+02,   0.4237500000000000E+02,   0.2657356480300000E+00,   0.5067851601121284E+01
   0.3172133089600000E+02,   0.4237500000000000E+02,   0.2245517270800000E+00,  -0.3089155893454139E+01
   0.3293704544300000E+02,   0.4237500000000000E+02,   0.1772168463000000E+00,  -0.1296922022682601E+02
   0.3397624750700000E+02,   0.4237500000000000E+02,   0.1308953830200000E+00,  -0.1492709792172196E+02
   0.3480923388700000E+02,   0.4237500000000000E+02,   0.9022253881599999E-01,  -0.2132776891703337E+02
   0.3544315754400000E+02,   0.4237500000000000E+02,   0.5719672117400000E-01,  -0.2933840479923472E+02
   0.3590679026700000E+02,   0.4237500000000000E+02,   0.3187430202300000E-01,  -0.3407479357925049E+02
   0.3623611468300000E+02,   0.4237500000000000E+02,   0.1326267454500000E-01,  -0.7156646902299893E+02
   0.3623611468300000E+02,   0.4237500000000000E+02,  -0.1001406687000000E-14,  -0.9181831186169893E+02
   0.3590679026700000E+02,   0.4237500000000000E+02,  -0.1366980457000000E-14,  -0.5807719451373139E+02
   0.3544315754400000E+02,   0.4237500000000000E+02,  -0.1048645264400000E-14,  -0.4263063659936914E+02
   0.3480923388700000E+02,   0.4237500000000000E+02,  -0.3097052330600000E-15,  -0.3380346321080609E+02
   0.3397624750700000E+02,   0.4237500000000000E+02,  -0.9275788076100000E-16,  -0.2350550331193592E+02
   0.3293704544300000E+02,   0.4237500000000000E+02,  -0.5769431671900000E-16,  -0.1437421482276850E+02
   0.3172133089600000E+02,   0.4237500000000000E+02,  -0.6527505733700000E-16,  -0.6772685744646379E+01
   0.3040161656700000E+02,   0.4237500000000000E+02,   0.1110223024600000E-15,  -0.2342678928945836E+01
   0.2908045307400000E+02,   0.4237500000000000E+02,  -0.1110290051900000E-15,  -0.3669679692706992E-01
   0.2786118586000000E+02,   0.4237500000000000E+02,  -0.1340484629300000E-16,   0.1339404060124930E+01
   0.2681831684300000E+02,   0.4237500000000000E+02,   0.1261379605100000E-15,   0.2512052218777093E+01
   0.2598391169500000E+02,   0.4237500000000000E+02,   0.6873513653300000E-16,   0.2927974939383597E+01
   0.2535303324900000E+02,   0.4237500000000000E+02,  -0.1837117971400000E-15,   0.1913563213918700E+01
   0.2489972445900000E+02,   0.4237500000000000E+02,   0.1052235383600000E-14,   0.1587130694569111E+01
   0.2459633796100000E+02,   0.4237500000000000E+02,  -0.9488480132400000E-15,   0.6050350355741079E+00
